#	폴더	파일명
1	강남 올댓뷰티	KakaoTalk_20260630_151618043.jpg
2	강남 올댓뷰티	KakaoTalk_20260630_151618043_01.jpg
3	강남 올댓뷰티	KakaoTalk_20260630_151618043_02.jpg
4	강릉 로보티머입암	KakaoTalk_20260811_174759442.jpg
5	강릉 로보티머입암	KakaoTalk_20260811_174759442_01.jpg
6	강릉 로보티머입암	KakaoTalk_20260811_174759442_02.jpg
7	경남 여고	경남j여고 (1).jpg
8	고양 포인트병원(선한유통)	KakaoTalk_20260702_143221475.jpg
9	고양 포인트병원(선한유통)	KakaoTalk_20260702_143221475_01.jpg
10	고양 포인트병원(선한유통)	KakaoTalk_20260702_143221475_02.jpg
11	고양컨트리클럽	KakaoTalk_20260314_153913805.jpg
12	고양컨트리클럽	KakaoTalk_20260314_153913805_01.jpg
13	고양컨트리클럽	KakaoTalk_20260314_153913805_02.jpg
14	고양컨트리클럽	KakaoTalk_20260314_153913805_03.jpg
15	고양컨트리클럽	KakaoTalk_20260314_153913805_04.jpg
16	고양컨트리클럽	KakaoTalk_20260314_153913805_05.jpg
17	고양컨트리클럽	KakaoTalk_20260314_153913805_06.jpg
18	괴산 스카이주유소	KakaoTalk_20260522_130050592.jpg
19	괴산 스카이주유소	KakaoTalk_20260522_130050592_01.jpg
20	괴산 스카이주유소	KakaoTalk_20260522_130050592_02.jpg
21	괴산 스카이주유소	KakaoTalk_20260522_130050592_03.jpg
22	김제 미미쿡3	KakaoTalk_20260601_113453565.jpg
23	김제 미미쿡3	KakaoTalk_20260601_113453565_01.jpg
24	김제 미미쿡3	KakaoTalk_20260601_113453565_02.jpg
25	김제 미미쿡3	KakaoTalk_20260601_130716551.jpg
26	김제 미미쿡3	KakaoTalk_20260601_130716551_01.jpg
27	김제 미미쿡3	KakaoTalk_20260601_130716551_02.jpg
28	김제 미미쿡3	KakaoTalk_20260601_130716551_03.jpg
29	김제 미미쿡3	KakaoTalk_20260601_130716551_04.jpg
30	김제 미미쿡3	KakaoTalk_20260601_130716551_05.jpg
31	김제 미미쿡3	KakaoTalk_20260601_145407645.jpg
32	김제 미미쿡3	KakaoTalk_20260601_145407645_01.jpg
33	김제 미미쿡3	KakaoTalk_20260601_145407645_02.jpg
34	김제 미미쿡3	KakaoTalk_20260601_145407645_03.jpg
35	김천 롯데햄 김천공장	KakaoTalk_20260807_121851872.jpg
36	김천 롯데햄 김천공장	KakaoTalk_20260807_121851872_01.jpg
37	김천 롯데햄 김천공장	KakaoTalk_20260807_121851872_02.jpg
38	김천 롯데햄 김천공장	KakaoTalk_20260807_121851872_03.jpg
39	김천 롯데햄 김천공장	KakaoTalk_20260807_121851872_04.jpg
40	김천구미 네덱	KakaoTalk_20260123_090822298.jpg
41	김천구미 네덱	KakaoTalk_20260123_090836275.jpg
42	김천구미 네덱	네덱.jpg
43	김해 병원	KakaoTalk_20260326_144621541.jpg
44	김해 병원	KakaoTalk_20260326_144621541_01.jpg
45	김해 병원	KakaoTalk_20260326_144621541_02.jpg
46	나주 전남경찰청	KakaoTalk_20260707_150639445.jpg
47	나주 전남경찰청	KakaoTalk_20260707_150639445_01.jpg
48	나주 전남경찰청	KakaoTalk_20260707_150639445_02.jpg
49	논산 이린디	KakaoTalk_20260428_123948009.jpg
50	논산 이린디	KakaoTalk_20260428_123948009_01.jpg
51	논산 이린디	KakaoTalk_20260428_123948009_02.jpg
52	논산 이린디	KakaoTalk_20260428_123948009_03.jpg
53	대구 2월 호텔	KakaoTalk_20251231_141822004_01.jpg
54	대구 2월 호텔	KakaoTalk_20251231_141822004_02.jpg
55	대구 2월 호텔	호텔설치사진.jpg
56	대구 2월 호텔	호텔설치사진2.jpg
57	대구 2월 호텔	호텔설치사진3.jpg
58	대구 김민정 수학학원	KakaoTalk_20260209_175622199.jpg
59	대구 김민정 수학학원	KakaoTalk_20260209_175622199_01.jpg
60	대구 김민정 수학학원	KakaoTalk_20260209_175622199_02.jpg
61	대구 김민정 수학학원	KakaoTalk_20260209_175622199_03.jpg
62	대구 김민정 수학학원	KakaoTalk_20260209_175622199_04.jpg
63	대구 김민정 수학학원	KakaoTalk_20260209_181748924.jpg
64	대구 김민정 수학학원	KakaoTalk_20260410_170250860.jpg
65	대구 김민정 수학학원	KakaoTalk_20260410_170250860_01.jpg
66	대구 김민정 수학학원	KakaoTalk_20260410_170250860_02.jpg
67	대구 김민정 수학학원	KakaoTalk_20260410_170250860_03.jpg
68	대구 김민정 수학학원	KakaoTalk_20260410_170250860_04.jpg
69	대구 김민정 수학학원	KakaoTalk_20260410_170250860_05.jpg
70	대구 몽키프렌즈	KakaoTalk_20260515_094828951.jpg
71	대구 몽키프렌즈	KakaoTalk_20260515_094828951_01.jpg
72	대구 몽키프렌즈	KakaoTalk_20260515_094828951_02.jpg
73	대구 몽키프렌즈	KakaoTalk_20260515_094828951_03.jpg
74	대구 서대구역반도유보라센텀	KakaoTalk_20260416_102246501.jpg
75	대구 서대구역반도유보라센텀	KakaoTalk_20260416_102246501_01.jpg
76	대구 서대구역반도유보라센텀	KakaoTalk_20260416_102246501_02.jpg
77	대구 서대구역반도유보라센텀	KakaoTalk_20260416_102246501_03.jpg
78	대구 서대구역반도유보라센텀	KakaoTalk_20260416_102246501_04.jpg
79	대구 서대구역반도유보라센텀	KakaoTalk_20260416_102246501_05.jpg
80	대구 서대구역반도유보라센텀	KakaoTalk_20260421_112137969.jpg
81	대구 서대구역반도유보라센텀	KakaoTalk_20260421_114634907.jpg
82	대구 서대구역반도유보라센텀	KakaoTalk_20260421_114634907_01.jpg
83	대구 서대구역반도유보라센텀	KakaoTalk_20260421_114634907_02.jpg
84	대구 오늘은 탁구	대구o무인탁구장 (1).jpg
85	대구 오늘은 탁구	오늘은탁구 (1).jpg
86	대구 오늘은 탁구	오늘은탁구 (2).jpg
87	대구 오늘은 탁구	오늘은탁구 (3).jpg
88	대구 웨이브파크	KakaoTalk_20260609_125616005.jpg
89	대구다이클로명곡미래빌점	KakaoTalk_20260122_164908552.jpg
90	대구다이클로명곡미래빌점	KakaoTalk_20260122_164908552_01.jpg
91	대구다이클로명곡미래빌점	KakaoTalk_20260122_164908552_02.jpg
92	대구다이클로명곡미래빌점	KakaoTalk_20260122_164908552_03.jpg
93	대구다이클로명곡미래빌점	KakaoTalk_20260122_164908552_04.jpg
94	대구다이클로명곡미래빌점	KakaoTalk_20260203_144256184.jpg
95	대구다이클로명곡미래빌점	KakaoTalk_20260203_144256184_01.jpg
96	대구다이클로명곡미래빌점	KakaoTalk_20260203_144256184_02.jpg
97	대구다이클로명곡미래빌점	KakaoTalk_20260203_144256184_03.jpg
98	대구다이클로명곡미래빌점	KakaoTalk_20260203_144256184_04.jpg
99	대구다이클로명곡미래빌점	KakaoTalk_20260203_144256184_05.jpg
100	대구다이클로명곡미래빌점	KakaoTalk_20260203_144256184_06.jpg
101	대구다이클로명곡미래빌점	KakaoTalk_20260203_144256184_07.jpg
102	대구다이클로명곡미래빌점	KakaoTalk_20260203_144256184_08.jpg
103	대구다이클로명곡미래빌점	KakaoTalk_20260203_144256184_09.jpg
104	대구다이클로명곡미래빌점	KakaoTalk_20260203_144256184_10.jpg
105	대구다이클로명곡미래빌점	KakaoTalk_20260203_144256184_11.jpg
106	대구다이클로명곡미래빌점	KakaoTalk_20260203_144256184_12.jpg
107	대구다이클로명곡미래빌점	KakaoTalk_20260203_144256184_13.jpg
108	대구다이클로명곡미래빌점	KakaoTalk_20260203_144256184_14.jpg
109	대구다이클로명곡미래빌점	KakaoTalk_20260203_144256184_15.jpg
110	대구다이클로명곡미래빌점	KakaoTalk_20260203_144256184_16.jpg
111	대구다이클로명곡미래빌점	KakaoTalk_20260203_144256184_17.jpg
112	대구다이클로명곡미래빌점	KakaoTalk_20260203_144256184_18.jpg
113	대전 미소팜	KakaoTalk_20260626_154120273.jpg
114	대전 미소팜	KakaoTalk_20260626_154120273_01.jpg
115	대전 미소팜	KakaoTalk_20260626_154120273_02.jpg
116	목포 넥스트 피씨방	목포n피시발 (2).jpg
117	문경 디케이워시	KakaoTalk_20260617_151815521.jpg
118	문경 디케이워시	KakaoTalk_20260617_151815521_01.jpg
119	문경 디케이워시	KakaoTalk_20260617_151815521_02.jpg
120	문경 디케이워시	KakaoTalk_20260617_151815521_03.jpg
121	문경 디케이워시	KakaoTalk_20260617_151815521_04.jpg
122	문경 디케이워시	KakaoTalk_20260617_151815521_05.jpg
123	문경 디케이워시	KakaoTalk_20260617_151815521_06.jpg
124	문경 디케이워시	KakaoTalk_20260617_151815521_07.jpg
125	부산 호텔	KakaoTalk_20260721_122929102.jpg
126	부산 호텔	KakaoTalk_20260721_122930843.jpg
127	부산 호텔	KakaoTalk_20260721_122932787.jpg
128	부산 호텔	KakaoTalk_20260721_122954308.jpg
129	부안 직소천캠핑장	KakaoTalk_20260818_161803200.jpg
130	부안 직소천캠핑장	KakaoTalk_20260818_161803200_01.jpg
131	부안 직소천캠핑장	KakaoTalk_20260818_161803200_02.jpg
132	부안 직소천캠핑장	KakaoTalk_20260818_161803200_03.jpg
133	부안 직소천캠핑장	KakaoTalk_20260818_161803200_04.jpg
134	상주 매너티골프	KakaoTalk_20260306_165206762.jpg
135	상주 매너티골프	KakaoTalk_20260306_165206762_01.jpg
136	상주 매너티골프	KakaoTalk_20260306_165206762_02.jpg
137	상주 매너티골프	KakaoTalk_20260306_165206762_03.jpg
138	상주 매너티골프	KakaoTalk_20260306_165206762_04.jpg
139	상주 매너티골프	KakaoTalk_20260306_165206762_05.jpg
140	상주 매너티골프	KakaoTalk_20260306_165206762_06.jpg
141	상주 매너티골프	KakaoTalk_20260306_165206762_07.jpg
142	상주 매너티골프	KakaoTalk_20260306_165206762_08.jpg
143	상주 매너티골프	KakaoTalk_20260306_165206762_09.jpg
144	상주 매너티골프	KakaoTalk_20260309_121544374.jpg
145	상주 매너티골프	KakaoTalk_20260309_121544374_01.jpg
146	상주 매너티골프	KakaoTalk_20260309_170453900.jpg
147	상주 매너티골프	KakaoTalk_20260309_170453900_01.jpg
148	상주 매너티골프	KakaoTalk_20260309_170453900_02.jpg
149	상주 매너티골프	KakaoTalk_20260309_170453900_03.jpg
150	상주 매너티골프	KakaoTalk_20260309_170453900_04.jpg
151	상주 매너티골프	KakaoTalk_20260317_104512866 (1).jpg
152	상주 매너티골프	KakaoTalk_20260317_104512866.jpg
153	상주 매너티골프	KakaoTalk_20260317_104512866_01 (1).jpg
154	상주 매너티골프	KakaoTalk_20260317_104512866_01.jpg
155	상주 매너티골프	KakaoTalk_20260317_104512866_02 (1).jpg
156	상주 매너티골프	KakaoTalk_20260317_104512866_02.jpg
157	상주 매너티골프	KakaoTalk_20260317_104512866_03 (1).jpg
158	상주 매너티골프	KakaoTalk_20260317_104512866_03.jpg
159	상주 매너티골프	KakaoTalk_20260317_104512866_04 (1).jpg
160	상주 매너티골프	KakaoTalk_20260317_104512866_04.jpg
161	상주 매너티골프	KakaoTalk_20260317_104512866_05 (1).jpg
162	상주 매너티골프	KakaoTalk_20260317_104512866_05.jpg
163	상주 매너티골프	KakaoTalk_20260317_104512866_06 (1).jpg
164	상주 매너티골프	KakaoTalk_20260317_104512866_06.jpg
165	상주 매너티골프	KakaoTalk_20260317_104512866_07 (1).jpg
166	상주 매너티골프	KakaoTalk_20260317_104512866_07.jpg
167	상주 매너티골프	KakaoTalk_20260317_104512866_08 (1).jpg
168	상주 매너티골프	KakaoTalk_20260317_104512866_08.jpg
169	상주 매너티골프	KakaoTalk_20260317_104512866_09 (1).jpg
170	상주 매너티골프	KakaoTalk_20260317_104512866_09.jpg
171	상주 매너티골프	KakaoTalk_20260317_104512866_10 (1).jpg
172	상주 매너티골프	KakaoTalk_20260317_104512866_10.jpg
173	상주 매너티골프	KakaoTalk_20260317_104512866_11 (1).jpg
174	상주 매너티골프	KakaoTalk_20260317_104512866_11.jpg
175	상주 매너티골프	KakaoTalk_20260317_104512866_12 (1).jpg
176	상주 매너티골프	KakaoTalk_20260317_104512866_12.jpg
177	상주 매너티골프	KakaoTalk_20260317_104512866_13 (1).jpg
178	상주 매너티골프	KakaoTalk_20260317_104512866_13.jpg
179	상주 매너티골프	KakaoTalk_20260317_104512866_14 (1).jpg
180	상주 매너티골프	KakaoTalk_20260317_104512866_14.jpg
181	서울 성수 마이네임이즈	KakaoTalk_20260529_164057124.jpg
182	서울 성수 마이네임이즈	KakaoTalk_20260529_164057124_01.jpg
183	서울 성수 마이네임이즈	KakaoTalk_20260529_164057124_02.jpg
184	서울 성수 마이네임이즈	KakaoTalk_20260605_200542442.jpg
185	서울 성수 마이네임이즈	KakaoTalk_20260605_200542442_01.jpg
186	서울 성수 마이네임이즈	KakaoTalk_20260605_200542442_02.jpg
187	서울 성수 마이네임이즈	KakaoTalk_20260605_200735018.jpg
188	서울 성수 마이네임이즈	KakaoTalk_20260605_200735018_01.jpg
189	서울 성수 마이네임이즈	KakaoTalk_20260605_200735018_02.jpg
190	서울 성수 마이네임이즈	KakaoTalk_20260605_200735018_03.jpg
191	서울 성수 마이네임이즈	KakaoTalk_20260605_200735018_04.jpg
192	서울OK치과	KakaoTalk_20260304_130058939.jpg
193	서울OK치과	KakaoTalk_20260304_130058939_01.jpg
194	서울OK치과	KakaoTalk_20260304_130058939_02.jpg
195	서울OK치과	KakaoTalk_20260304_130058939_03.jpg
196	성남 스카이피트니스GX골프	KakaoTalk_20260423_133100352.jpg
197	성남 스카이피트니스GX골프	KakaoTalk_20260423_133100352_01.jpg
198	성남 스카이피트니스GX골프	KakaoTalk_20260423_133100352_02.jpg
199	속초 메이트힐	KakaoTalk_20260123_155305402.jpg
200	속초 메이트힐	KakaoTalk_20260123_155305402_01.jpg
201	속초 메이트힐	KakaoTalk_20260123_155305402_02.jpg
202	속초 메이트힐	KakaoTalk_20260123_155305402_03.jpg
203	속초 메이트힐	KakaoTalk_20260123_155305402_04.jpg
204	속초 메이트힐	KakaoTalk_20260123_155305402_05.jpg
205	속초 메이트힐	KakaoTalk_20260123_155305402_06.jpg
206	속초 메이트힐	KakaoTalk_20260123_155305402_07.jpg
207	속초 메이트힐	KakaoTalk_20260123_155305402_08.jpg
208	속초 메이트힐	KakaoTalk_20260123_155305402_09.jpg
209	속초 메이트힐	KakaoTalk_20260123_155305402_10.jpg
210	속초 메이트힐	KakaoTalk_20260123_175038249.jpg
211	속초 메이트힐	KakaoTalk_20260123_175038249_01.jpg
212	속초 메이트힐	KakaoTalk_20260123_175038249_02.jpg
213	속초 메이트힐	KakaoTalk_20260123_175038249_03.jpg
214	속초 메이트힐	KakaoTalk_20260123_175038249_04.jpg
215	속초 메이트힐	KakaoTalk_20260123_175038249_05.jpg
216	속초 메이트힐	KakaoTalk_20260123_175038249_06.jpg
217	속초 메이트힐	KakaoTalk_20260123_175038249_07.jpg
218	속초 메이트힐	KakaoTalk_20260123_175038249_08.jpg
219	속초 메이트힐	KakaoTalk_20260123_175038249_09.jpg
220	수원 메를린	2층(2호기)/KakaoTalk_20260630_151649383.jpg
221	수원 메를린	2층(2호기)/KakaoTalk_20260630_151649383_01.jpg
222	수원 메를린	2층(2호기)/KakaoTalk_20260630_151649383_02.jpg
223	수원 메를린	3층(1호기)/KakaoTalk_20260630_151749160.jpg
224	수원 메를린	3층(1호기)/KakaoTalk_20260630_151749160_01.jpg
225	수원 메를린	3층(1호기)/KakaoTalk_20260630_151749160_02.jpg
226	수원 메를린	3층(1호기)/KakaoTalk_20260630_151749160_03.jpg
227	수원 메를린	3층(1호기)/KakaoTalk_20260630_151749160_04.jpg
228	수원 메를린	3층(1호기)/KakaoTalk_20260630_151749160_05.jpg
229	신한모바일(우버)	KakaoTalk_20260119_122459848.jpg
230	신한모바일(우버)	KakaoTalk_20260119_122459848_01.jpg
231	신한모바일(우버)	KakaoTalk_20260119_122459848_02.jpg
232	신한모바일(우버)	KakaoTalk_20260119_122459848_03.jpg
233	신한모바일(우버)	KakaoTalk_20260119_122459848_04.jpg
234	신한모바일(우버)	KakaoTalk_20260119_122459848_05.jpg
235	신한모바일(우버)	KakaoTalk_20260119_122459848_06.jpg
236	신한모바일(우버)	KakaoTalk_20260119_130910399.jpg
237	신한모바일(우버)	KakaoTalk_20260119_130910399_01.jpg
238	신한모바일(우버)	KakaoTalk_20260119_131120429.jpg
239	신한모바일(우버)	KakaoTalk_20260119_131137916.jpg
240	신한모바일(우버)	KakaoTalk_20260119_131204841.jpg
241	신한모바일(우버)	KakaoTalk_20260119_131204841_01.jpg
242	신한모바일(우버)	KakaoTalk_20260119_131204841_02.jpg
243	신한모바일(우버)	KakaoTalk_20260119_131204841_03.jpg
244	신한모바일(우버)	KakaoTalk_20260119_131204841_04.jpg
245	아산 온양고등학교(MJ홀딩스)	KakaoTalk_20260417_182948230.jpg
246	아산 온양고등학교(MJ홀딩스)	KakaoTalk_20260417_182948230_01.jpg
247	아산 온양고등학교(MJ홀딩스)	KakaoTalk_20260417_182948230_02.jpg
248	아산 온양고등학교(MJ홀딩스)	KakaoTalk_20260417_182948230_03.jpg
249	아산 온양고등학교(MJ홀딩스)	KakaoTalk_20260417_182948230_04.jpg
250	아산 온양고등학교(MJ홀딩스)	KakaoTalk_20260417_182948230_05.jpg
251	안동 여자고등학교	1호기.jpg
252	안동 여자고등학교	2호기.jpg
253	안동 여자고등학교	2호기2.jpg
254	안동 여자고등학교	2호기3.jpg
255	안동 여자고등학교	3호기.jpg
256	안동 여자고등학교	3호기1.jpg
257	안동 여자고등학교	3호기3.jpg
258	안동 여자고등학교	KakaoTalk_20260605_160229374.jpg
259	양주 어드벤처	양주어드벤처시티 (1).jpg
260	양주 어드벤처	양주어드벤처시티 (2).jpg
261	양주 어드벤처	양주어드벤처시티 (3).jpg
262	어닝 설치 사진	KakaoTalk_20260119_113134577.jpg
263	어닝 설치 사진	KakaoTalk_20260120_151241508.jpg
264	어닝 설치 사진	KakaoTalk_20260120_151241508_01.jpg
265	어닝 설치 사진	KakaoTalk_20260120_151241508_02.jpg
266	어닝 설치 사진	KakaoTalk_20260120_151241508_03.jpg
267	어닝 설치 사진	KakaoTalk_20260120_151241508_04.jpg
268	어닝 설치 사진	KakaoTalk_20260120_151241508_05.jpg
269	영주 한국미래산업고등학교	KakaoTalk_20260324_134433091.jpg
270	영주 한국미래산업고등학교	KakaoTalk_20260324_134433091_01.jpg
271	영주 한국미래산업고등학교	KakaoTalk_20260324_134433091_02.jpg
272	영주 한국미래산업고등학교	KakaoTalk_20260324_134433091_03.jpg
273	영주 한국미래산업고등학교	KakaoTalk_20260324_134433091_04.jpg
274	영주 한국미래산업고등학교	KakaoTalk_20260324_134433091_05.jpg
275	영주 한국미래산업고등학교	KakaoTalk_20260324_134433091_06.jpg
276	울산 리하온	KakaoTalk_20260608_122411302.jpg
277	울산 리하온	KakaoTalk_20260608_122411302_01.jpg
278	울산 리하온	KakaoTalk_20260608_122411302_02.jpg
279	울산 리하온	KakaoTalk_20260608_122411302_03.jpg
280	울산 리하온	KakaoTalk_20260608_122411302_04.jpg
281	익산 미미쿡2호기	KakaoTalk_20260521_170727751.jpg
282	익산 미미쿡2호기	KakaoTalk_20260521_170727751_01.jpg
283	익산 미미쿡2호기	KakaoTalk_20260521_170727751_02.jpg
284	익산 미미쿡2호기	KakaoTalk_20260521_170727751_03.jpg
285	익산 미미쿡2호기	KakaoTalk_20260521_170727751_04.jpg
286	익산 미미쿡2호기	KakaoTalk_20260521_170727751_05.jpg
287	익산 미미쿡2호기	KakaoTalk_20260521_170727751_06.jpg
288	익산 원광대학교 치과병원	KakaoTalk_20260518_145821728.jpg
289	익산 원광대학교 치과병원	KakaoTalk_20260518_145821728_01.jpg
290	익산 원광대학교 치과병원	KakaoTalk_20260518_145821728_02.jpg
291	익산 원광대학교 치과병원	KakaoTalk_20260518_145821728_03.jpg
292	익산 원광대학교 치과병원	KakaoTalk_20260522_124046309.jpg
293	익산 원광대학교 치과병원	KakaoTalk_20260522_124046309_01.jpg
294	익산 원광대학교 치과병원	KakaoTalk_20260522_124046309_02.jpg
295	인천 올댓뷰티	KakaoTalk_20260716_123614875.jpg
296	인천 올댓뷰티	KakaoTalk_20260716_123614875_01.jpg
297	인천 올댓뷰티	KakaoTalk_20260716_123614875_02.jpg
298	인천 플랜비공감	KakaoTalk_20260129_161314507.jpg
299	인천 플랜비공감	KakaoTalk_20260129_161314507_01.jpg
300	인천 플랜비공감	KakaoTalk_20260129_161314507_02.jpg
301	인천 플랜비공감	KakaoTalk_20260129_161314507_03.jpg
302	인천 플랜비공감	KakaoTalk_20260129_161314507_04.jpg
303	임실 글리치	KakaoTalk_20260430_122649072.jpg
304	임실 글리치	KakaoTalk_20260430_122649072_01.jpg
305	임실 글리치	KakaoTalk_20260430_122649072_02.jpg
306	임실 글리치	KakaoTalk_20260430_122649072_03.jpg
307	임실 글리치	KakaoTalk_20260430_122649072_04.jpg
308	임실 글리치	KakaoTalk_20260430_122649072_05.jpg
309	자판기 내부 세팅 사진	1호기.jpg
310	자판기 내부 세팅 사진	KakaoTalk_20251231_141822004_01.jpg
311	자판기 내부 세팅 사진	KakaoTalk_20260119_122459848_06.jpg
312	자판기 내부 세팅 사진	KakaoTalk_20260119_130910399_01.jpg
313	자판기 내부 세팅 사진	KakaoTalk_20260121_140042633_03.jpg
314	자판기 내부 세팅 사진	KakaoTalk_20260122_164908552_02.jpg
315	자판기 내부 세팅 사진	KakaoTalk_20260122_164908552_04.jpg
316	자판기 내부 세팅 사진	KakaoTalk_20260126_134300579.jpg
317	자판기 내부 세팅 사진	KakaoTalk_20260202_140519796.jpg
318	자판기 내부 세팅 사진	KakaoTalk_20260202_140519796_01.jpg
319	자판기 내부 세팅 사진	KakaoTalk_20260211_145142980.jpg
320	자판기 내부 세팅 사진	KakaoTalk_20260211_145142980_01.jpg
321	자판기 내부 세팅 사진	KakaoTalk_20260211_145142980_04.jpg
322	자판기 내부 세팅 사진	KakaoTalk_20260223_102348974_02.jpg
323	자판기 내부 세팅 사진	KakaoTalk_20260227_155143698.jpg
324	자판기 내부 세팅 사진	KakaoTalk_20260227_155435177.jpg
325	자판기 내부 세팅 사진	KakaoTalk_20260309_170453900.jpg
326	자판기 내부 세팅 사진	KakaoTalk_20260309_170453900_01.jpg
327	자판기 내부 세팅 사진	KakaoTalk_20260317_104512866 (1).jpg
328	자판기 내부 세팅 사진	KakaoTalk_20260317_104512866.jpg
329	자판기 내부 세팅 사진	KakaoTalk_20260317_104512866_01 (1).jpg
330	자판기 내부 세팅 사진	KakaoTalk_20260317_104512866_01.jpg
331	자판기 내부 세팅 사진	KakaoTalk_20260317_104512866_02 (1).jpg
332	자판기 내부 세팅 사진	KakaoTalk_20260317_104512866_02.jpg
333	자판기 내부 세팅 사진	KakaoTalk_20260317_104512866_08 (1).jpg
334	자판기 내부 세팅 사진	KakaoTalk_20260317_104512866_08.jpg
335	자판기 내부 세팅 사진	KakaoTalk_20260317_104512866_09 (1).jpg
336	자판기 내부 세팅 사진	KakaoTalk_20260317_104512866_09.jpg
337	자판기 내부 세팅 사진	KakaoTalk_20260317_104512866_10 (1).jpg
338	자판기 내부 세팅 사진	KakaoTalk_20260317_104512866_10.jpg
339	자판기 내부 세팅 사진	KakaoTalk_20260317_104512866_11 (1).jpg
340	자판기 내부 세팅 사진	KakaoTalk_20260317_104512866_11.jpg
341	자판기 내부 세팅 사진	KakaoTalk_20260317_104512866_12 (1).jpg
342	자판기 내부 세팅 사진	KakaoTalk_20260317_104512866_12.jpg
343	자판기 내부 세팅 사진	KakaoTalk_20260408_130433779.jpg
344	자판기 내부 세팅 사진	KakaoTalk_20260415_163003412.jpg
345	자판기 내부 세팅 사진	KakaoTalk_20260416_115330579.jpg
346	자판기 내부 세팅 사진	KakaoTalk_20260417_182948230.jpg
347	자판기 내부 세팅 사진	KakaoTalk_20260507_121331775.jpg
348	자판기 내부 세팅 사진	KakaoTalk_20260507_121331775_01.jpg
349	자판기 내부 세팅 사진	KakaoTalk_20260507_121331775_02.jpg
350	자판기 내부 세팅 사진	KakaoTalk_20260507_121331775_03.jpg
351	자판기 내부 세팅 사진	KakaoTalk_20260507_121331775_04.jpg
352	자판기 내부 세팅 사진	KakaoTalk_20260508_152328622.jpg
353	자판기 내부 세팅 사진	KakaoTalk_20260508_152507556.jpg
354	자판기 내부 세팅 사진	KakaoTalk_20260508_152507556_01.jpg
355	자판기 내부 세팅 사진	KakaoTalk_20260508_152507556_02.jpg
356	자판기 내부 세팅 사진	KakaoTalk_20260508_154708220.jpg
357	자판기 내부 세팅 사진	KakaoTalk_20260508_154708220_01.jpg
358	자판기 내부 세팅 사진	KakaoTalk_20260508_154708220_02.jpg
359	자판기 내부 세팅 사진	KakaoTalk_20260508_154708220_03.jpg
360	자판기 내부 세팅 사진	KakaoTalk_20260508_165707543.jpg
361	자판기 내부 세팅 사진	KakaoTalk_20260508_165710874.jpg
362	자판기 내부 세팅 사진	KakaoTalk_20260508_165714565.jpg
363	자판기 내부 세팅 사진	KakaoTalk_20260508_165717538.jpg
364	자판기 내부 세팅 사진	KakaoTalk_20260511_150243947.jpg
365	자판기 내부 세팅 사진	KakaoTalk_20260512_164208595.jpg
366	자판기 내부 세팅 사진	KakaoTalk_20260514_115300554.jpg
367	자판기 내부 세팅 사진	KakaoTalk_20260514_122703503.jpg
368	자판기 내부 세팅 사진	KakaoTalk_20260514_122727169.jpg
369	자판기 내부 세팅 사진	KakaoTalk_20260514_170442251.jpg
370	자판기 내부 세팅 사진	KakaoTalk_20260515_101556724.jpg
371	자판기 내부 세팅 사진	KakaoTalk_20260515_103858793.jpg
372	자판기 내부 세팅 사진	KakaoTalk_20260518_145821728.jpg
373	자판기 내부 세팅 사진	KakaoTalk_20260518_145821728_01.jpg
374	자판기 내부 세팅 사진	KakaoTalk_20260518_145821728_02.jpg
375	자판기 내부 세팅 사진	KakaoTalk_20260518_145821728_03.jpg
376	자판기 내부 세팅 사진	KakaoTalk_20260528_163418658.jpg
377	자판기 내부 세팅 사진	KakaoTalk_20260601_130716551_04.jpg
378	자판기 내부 세팅 사진	KakaoTalk_20260602_114758211.jpg
379	자판기 내부 세팅 사진	KakaoTalk_20260602_114800579.jpg
380	자판기 내부 세팅 사진	KakaoTalk_20260602_114803677.jpg
381	자판기 내부 세팅 사진	KakaoTalk_20260605_160226105.jpg
382	자판기 내부 세팅 사진	KakaoTalk_20260605_160229374.jpg
383	자판기 내부 세팅 사진	KakaoTalk_20260605_160232927.jpg
384	자판기 내부 세팅 사진	KakaoTalk_20260609_093742081.jpg
385	자판기 내부 세팅 사진	KakaoTalk_20260609_093742081_01.jpg
386	자판기 내부 세팅 사진	KakaoTalk_20260609_093742081_02.jpg
387	자판기 내부 세팅 사진	KakaoTalk_20260612_160948449.png
388	자판기 내부 세팅 사진	KakaoTalk_20260612_161240066.jpg
389	자판기 내부 세팅 사진	KakaoTalk_20260617_151815521_03.jpg
390	자판기 내부 세팅 사진	KakaoTalk_20260617_151815521_04.jpg
391	자판기 내부 세팅 사진	KakaoTalk_20260617_151815521_05.jpg
392	자판기 내부 세팅 사진	KakaoTalk_20260617_151815521_06.jpg
393	자판기 내부 세팅 사진	KakaoTalk_20260617_151815521_07.jpg
394	자판기 내부 세팅 사진	KakaoTalk_20260623_160200657.jpg
395	자판기 내부 세팅 사진	KakaoTalk_20260624_135308960.jpg
396	자판기 내부 세팅 사진	KakaoTalk_20260626_154120273_02.jpg
397	자판기 내부 세팅 사진	히트랩.jpg
398	제로코너사진	KakaoTalk_20260114_160912723.jpg
399	제로코너사진	KakaoTalk_20260114_160912723_01.jpg
400	제로코너사진	KakaoTalk_20260114_160912723_02.jpg
401	제로코너사진	KakaoTalk_20260114_160912723_03.jpg
402	제로코너사진	KakaoTalk_20260114_160912723_04.jpg
403	제주 관의물왓	KakaoTalk_20260116_134921593.jpg
404	제주 관의물왓	KakaoTalk_20260116_134921593_01.jpg
405	제주 관의물왓	KakaoTalk_20260116_134921593_02.jpg
406	제주 관의물왓	KakaoTalk_20260116_134921593_03.jpg
407	제주 더블루	KakaoTalk_20260116_114832395.jpg
408	제주 더블루	KakaoTalk_20260116_114832395_01.jpg
409	제주 라마다 제주시티 호텔	KakaoTalk_20260223_102320829.jpg
410	제주 라마다 제주시티 호텔	KakaoTalk_20260223_102320829_01.jpg
411	제주 파르나스 호텔	KakaoTalk_20260211_145142980.jpg
412	제주 파르나스 호텔	KakaoTalk_20260211_145142980_01.jpg
413	제주 파르나스 호텔	KakaoTalk_20260211_145142980_02.jpg
414	제주 파르나스 호텔	KakaoTalk_20260211_145142980_03.jpg
415	제주 파르나스 호텔	KakaoTalk_20260211_145142980_04.jpg
416	제주 파르나스 호텔	KakaoTalk_20260211_145142980_05.jpg
417	제주 파르나스 호텔	KakaoTalk_20260211_145142980_06.jpg
418	제주 파르나스 호텔	KakaoTalk_20260211_145142980_07.jpg
419	제주 파르나스 호텔	KakaoTalk_20260211_145142980_08.jpg
420	제주 파르나스 호텔	파르나스 호텔/KakaoTalk_20260302_134543044.jpg
421	제주 파르나스 호텔	파르나스 호텔/KakaoTalk_20260302_134543044_01.jpg
422	제주 파르나스 호텔	파르나스 호텔/KakaoTalk_20260302_134543044_02.jpg
423	제주 파르나스 호텔	파르나스 호텔/KakaoTalk_20260302_134543044_03.jpg
424	제주 파르나스 호텔	파르나스 호텔/KakaoTalk_20260302_134543044_04.jpg
425	제주 파르나스 호텔	파르나스 호텔/KakaoTalk_20260302_134543044_05.jpg
426	제주 파르나스 호텔	파르나스 호텔/KakaoTalk_20260302_134543044_06.jpg
427	제주 파르나스 호텔	파르나스 호텔/KakaoTalk_20260302_134543044_07.jpg
428	제주 파르나스 호텔	파르나스 호텔/KakaoTalk_20260302_134543044_08.jpg
429	제주 파르나스 호텔	파르나스 호텔/KakaoTalk_20260302_134543044_09.jpg
430	제주 파르나스 호텔	파르나스 호텔/KakaoTalk_20260302_134543044_10.jpg
431	제주도 푸른호텔	KakaoTalk_20260223_102348974.jpg
432	제주도 푸른호텔	KakaoTalk_20260223_102348974_01.jpg
433	제주도 푸른호텔	KakaoTalk_20260223_102348974_02.jpg
434	천안 테드잉글리시	KakaoTalk_20260626_154329944.jpg
435	천안 테드잉글리시	KakaoTalk_20260626_154329944_01.jpg
436	통영 허밍비	KakaoTalk_20260514_151704214.jpg
437	통영 허밍비	KakaoTalk_20260514_151704214_01.jpg
438	통영 허밍비	KakaoTalk_20260514_151704214_02.jpg
439	통영 허밍비	KakaoTalk_20260514_151704214_03.jpg
440	파주 카페예스	3,4호기/KakaoTalk_20260624_161130866.jpg
441	파주 카페예스	3,4호기/KakaoTalk_20260624_161130866_01.jpg
442	파주 카페예스	3,4호기/KakaoTalk_20260624_161130866_02.jpg
443	파주 카페예스	KakaoTalk_20260126_134300579.jpg
444	파주 카페예스	KakaoTalk_20260126_134300579_01.jpg
445	파주 카페예스	KakaoTalk_20260126_134300579_02.jpg
446	파주 카페예스	KakaoTalk_20260126_134300579_03.jpg
447	파주 카페예스	KakaoTalk_20260126_134300579_04.jpg
448	파주 카페예스	KakaoTalk_20260126_134300579_05.jpg
449	파주 카페예스	KakaoTalk_20260126_134300579_06.jpg
450	파주 카페예스	KakaoTalk_20260126_134300579_07.jpg
451	파주 카페예스	KakaoTalk_20260202_140519796.jpg
452	파주 카페예스	KakaoTalk_20260202_140519796_01.jpg
453	평택 청담고등학교(MJ홀딩스)	KakaoTalk_20260325_114702929.jpg
454	평택 청담고등학교(MJ홀딩스)	KakaoTalk_20260325_114702929_01.jpg
455	평택 청담고등학교(MJ홀딩스)	KakaoTalk_20260325_114702929_02.jpg
456	평택 청담고등학교(MJ홀딩스)	KakaoTalk_20260325_114702929_03.jpg
457	평택 청담고등학교(MJ홀딩스)	KakaoTalk_20260325_114702929_04.jpg
458	해옴	KakaoTalk_20260127_130056636.jpg
459	해옴	KakaoTalk_20260127_130056636_01.jpg
460	해옴	KakaoTalk_20260204_135702814.jpg
461	해옴	KakaoTalk_20260204_135702814_01.jpg
462	해옴	KakaoTalk_20260204_135702814_02.jpg
463	해옴	KakaoTalk_20260204_135702814_03.jpg
464	해옴	KakaoTalk_20260204_135702814_04.jpg
465	해옴	KakaoTalk_20260204_135702814_05.jpg
466	해옴	KakaoTalk_20260204_135702814_06.jpg
467	해옴	KakaoTalk_20260204_140637285.jpg
468	해옴	KakaoTalk_20260301_135612845.jpg
469	해옴	KakaoTalk_20260301_135612845_01.jpg
470	해옴	KakaoTalk_20260301_135612845_02.jpg
471	해옴	KakaoTalk_20260301_135612845_03.jpg
472	해옴	KakaoTalk_20260301_140321816.jpg
473	해옴	KakaoTalk_20260301_140321816_01.jpg
474	해옴	KakaoTalk_20260301_141326562.jpg
475	해옴	KakaoTalk_20260301_141326562_01.jpg
476	행복한H병원	대구h병원 (1).jpg
477	행복한H병원	행복한h (1).jpg
478	행복한H병원	행복한h (2).jpg
479	행복한H병원	행복한h (3).jpg
480	화성 아이엠코인노래연습장	KakaoTalk_20260205_141639138.jpg
481	화성 아이엠코인노래연습장	KakaoTalk_20260205_141639138_01.jpg
482	화성 아이엠코인노래연습장	KakaoTalk_20260205_141639138_02.jpg
